﻿<parameters>
  <parameter name="IIS Web Application Name" defaultValue="Default Web Site/" tags="IisApp">
    <parameterEntry kind="ProviderPath" scope="IisApp" match="^C:\\Users\\Sheikh\\Desktop\\Capstone\\Final\ Project\\Queue_Manager\\Queue_Manager\\obj\\Release\\Package\\PackageTmp$" />
    <parameterEntry kind="ProviderPath" scope="setAcl" match="^C:\\Users\\Sheikh\\Desktop\\Capstone\\Final\ Project\\Queue_Manager\\Queue_Manager\\obj\\Release\\Package\\PackageTmp$" />
  </parameter>
  <parameter name="Capstone_dbConnectionString-Web.config Connection String" description="Capstone_dbConnectionString Connection String used in web.config by the application to access the database." defaultValue="Data Source=DESKTOP-U3M0AS7;Initial Catalog=Capstone_db;Integrated Security=True" tags="SqlConnectionString">
    <parameterEntry kind="XmlFile" scope="C:\\Users\\Sheikh\\Desktop\\Capstone\\Final\ Project\\Queue_Manager\\Queue_Manager\\obj\\Release\\Package\\PackageTmp\\Web\.config$" match="/configuration/connectionStrings/add[@name='Capstone_dbConnectionString']/@connectionString" />
  </parameter>
  <parameter name="Capstone_dbConnectionString2-Web.config Connection String" description="Capstone_dbConnectionString2 Connection String used in web.config by the application to access the database." defaultValue="Data Source=DESKTOP-U3M0AS7;Initial Catalog=Capstone_db;Persist Security Info=True;User ID=test;Password=test" tags="SqlConnectionString">
    <parameterEntry kind="XmlFile" scope="C:\\Users\\Sheikh\\Desktop\\Capstone\\Final\ Project\\Queue_Manager\\Queue_Manager\\obj\\Release\\Package\\PackageTmp\\Web\.config$" match="/configuration/connectionStrings/add[@name='Capstone_dbConnectionString2']/@connectionString" />
  </parameter>
  <parameter name="CapstoneDb-Web.config Connection String" description="CapstoneDb Connection String used in web.config by the application to access the database." defaultValue="Data Source=DESKTOP-U3M0AS7;User ID=test;Password=test;Initial Catalog=Capstone_db" tags="SqlConnectionString">
    <parameterEntry kind="XmlFile" scope="C:\\Users\\Sheikh\\Desktop\\Capstone\\Final\ Project\\Queue_Manager\\Queue_Manager\\obj\\Release\\Package\\PackageTmp\\Web\.config$" match="/configuration/connectionStrings/add[@name='CapstoneDb']/@connectionString" />
  </parameter>
  <parameter name="Capstone_dbConnectionString3-Web.config Connection String" description="Capstone_dbConnectionString3 Connection String used in web.config by the application to access the database." defaultValue="Data Source=DESKTOP-U3M0AS7;Initial Catalog=Capstone_db;User ID=test;Password=test" tags="SqlConnectionString">
    <parameterEntry kind="XmlFile" scope="C:\\Users\\Sheikh\\Desktop\\Capstone\\Final\ Project\\Queue_Manager\\Queue_Manager\\obj\\Release\\Package\\PackageTmp\\Web\.config$" match="/configuration/connectionStrings/add[@name='Capstone_dbConnectionString3']/@connectionString" />
  </parameter>
</parameters>